{
  "c3_constraint_adherence": {
    "ok": true,
    "max_residual": 4.340972026284362e-13,
    "n_instances": 2000
  },
  "rank_deficient": {
    "ok": true
  },
  "neg_controls": {
    "ok": true,
    "plain": 3.207403000875555,
    "wrong_pinv": 16.767704868947902,
    "infeasible": 1.7865928131456852
  }
}